"","meqtl_i","eqtl_j","chr_num","pos_SNP","rsID_SNP","eqtl_start","eqtl_end","methylSNP","meqtl_start","meqtl_end"
"1","meqtl_12593","eqtl_18504","chr19",312122,".",305704,344793,314083,312948,312997
"2","meqtl_12825","eqtl_18504","chr19",312122,".",305704,344793,311078,311726,311775
"3","meqtl_13181","eqtl_18504","chr19",312122,".",305704,344793,311078,311732,311781
"4","meqtl_12667","eqtl_18506","chr19",970036,"rs112024428",416583,460996,448824,447425,447474
"5","meqtl_12707","eqtl_18506","chr19",970036,"rs112024428",416583,460996,433221,431216,431265
"6","meqtl_12780","eqtl_18506","chr19",970036,"rs112024428",416583,460996,429172,426154,426203
"7","meqtl_12835","eqtl_18506","chr19",970036,"rs112024428",416583,460996,441331,440669,440718
"8","meqtl_12740","eqtl_18507","chr19",526081,"rs11878736",489176,505347,497398,494432,494481
"9","meqtl_12740","eqtl_18508","chr19",488607,"rs1574520",490046,501624,497398,494432,494481
"10","meqtl_12642","eqtl_18513","chr19",572934,"rs28989773",567212,572215,568195,567454,567503
"11","meqtl_12570","eqtl_18521","chr19",1449598,"rs57220434",797075,812327,805702,803311,803360
"12","meqtl_12625","eqtl_18521","chr19",1449598,"rs57220434",797075,812327,803104,803813,803862
"13","meqtl_13070","eqtl_18521","chr19",1449598,"rs57220434",797075,812327,812356,811943,811992
"14","meqtl_12528","eqtl_18525","chr19",893183,"rs56283881",867962,893218,874619,873016,873065
"15","meqtl_12922","eqtl_18525","chr19",893183,"rs56283881",867962,893218,880763,880046,880095
"16","meqtl_12675","eqtl_18528","chr19",562874,"rs56165924",925781,975939,947942,947720,947769
"17","meqtl_13051","eqtl_18528","chr19",562874,"rs56165924",925781,975939,954137,954348,954397
"18","meqtl_13144","eqtl_18532","chr19",1011215,"rs2240160",1009732,1021117,1017256,1015938,1015987
"19","meqtl_12633","eqtl_18538","chr19",752878,"rs11882442",1107636,1174282,1126396,1125663,1125712
"20","meqtl_12643","eqtl_18538","chr19",752878,"rs11882442",1107636,1174282,1117115,1114804,1114853
"21","meqtl_12823","eqtl_18538","chr19",752878,"rs11882442",1107636,1174282,1126396,1125667,1125716
"22","meqtl_12891","eqtl_18539","chr19",688765,"rs71717541",1189406,1228285,1226987,1227280,1227329
"23","meqtl_13040","eqtl_18539","chr19",688765,"rs71717541",1189406,1228285,1191221,1191265,1191314
"24","meqtl_13065","eqtl_18544","chr19",1075107,"rs144735649",1259384,1274879,1273725,1273527,1273576
"25","meqtl_12595","eqtl_18547","chr19",2061715,"rs10414066",1285890,1378430,1342635,1341858,1341907
"26","meqtl_12704","eqtl_18547","chr19",2061715,"rs10414066",1285890,1378430,1373299,1371630,1371679
"27","meqtl_12877","eqtl_18547","chr19",2061715,"rs10414066",1285890,1378430,1318840,1317829,1317878
"28","meqtl_13046","eqtl_18547","chr19",2061715,"rs10414066",1285890,1378430,1314185,1311208,1311257
"29","meqtl_12449","eqtl_18553","chr19",1188000,"rs142694557",1407568,1435719,1433105,1434413,1434462
"30","meqtl_13054","eqtl_18557","chr19",585091,"rs113966063",1446300,1473199,1459737,1459528,1459577
"31","meqtl_13054","eqtl_18558","chr19",2408079,"rs112999769",1457895,1462764,1459737,1459528,1459577
"32","meqtl_12521","eqtl_18559","chr19",1246763,"rs73494649",1461153,1479555,1476447,1476453,1476502
"33","meqtl_13019","eqtl_18559","chr19",1246763,"rs73494649",1461153,1479555,1478705,1476705,1476754
"34","meqtl_13037","eqtl_18565","chr19",1546180,"rs10402423",1554668,1568057,1559955,1557415,1557464
"35","meqtl_13057","eqtl_18569","chr19",2131520,"rs529089735",1609291,1652604,1651013,1650159,1650208
"36","meqtl_12592","eqtl_18570","chr19",1818403,"rs1610105",1782074,1812275,1806258,1807726,1807775
"37","meqtl_12601","eqtl_18572","chr19",1723608,"rs10414105",1815586,1848452,1815601,1815622,1815671
"38","meqtl_12692","eqtl_18584","chr19",1170984,"rs113477221",2071037,2096331,2090357,2091048,2091097
"39","meqtl_12782","eqtl_18584","chr19",1170984,"rs113477221",2071037,2096331,2078627,2080531,2080580
"40","meqtl_13008","eqtl_18584","chr19",1170984,"rs113477221",2071037,2096331,2085773,2082880,2082929
"41","meqtl_12558","eqtl_18586","chr19",2158398,"rs6510645",2164148,2232577,2201528,2202061,2202110
"42","meqtl_12621","eqtl_18586","chr19",2158398,"rs6510645",2164148,2232577,2204780,2204854,2204903
"43","meqtl_12698","eqtl_18586","chr19",2158398,"rs6510645",2164148,2232577,2198127,2199194,2199243
"44","meqtl_12799","eqtl_18586","chr19",2158398,"rs6510645",2164148,2232577,2204780,2204850,2204899
"45","meqtl_13130","eqtl_18586","chr19",2158398,"rs6510645",2164148,2232577,2201528,2202067,2202116
"46","meqtl_12527","eqtl_18594","chr19",2604084,"rs141295251",2274631,2282181,2277897,2275126,2275175
"47","meqtl_12842","eqtl_18595","chr19",2469166,"rs4807278",2289774,2308156,2303964,2300979,2301028
"48","meqtl_12764","eqtl_18599","chr19",2436502,"rs145084345",2389784,2425491,2415094,2413065,2413114
"49","meqtl_13135","eqtl_18601","chr19",3284996,"rs777350600",2427893,2456994,2440764,2439560,2439609
"50","meqtl_13161","eqtl_18607","chr19",2638036,"rs115201386",2511217,2702707,2569594,2567921,2567970
"51","meqtl_12610","eqtl_18610","chr19",2955644,"rs10424644",2732202,2740150,2736273,2736107,2736156
"52","meqtl_12969","eqtl_18610","chr19",2955644,"rs10424644",2732202,2740150,2732325,2734607,2734656
"53","meqtl_13038","eqtl_18611","chr19",3132014,"rs310690",2754712,2783369,2762135,2761303,2761352
"54","meqtl_13069","eqtl_18612","chr19",3343813,".",2785458,2813599,2809353,2809944,2809993
"55","meqtl_12680","eqtl_18614","chr19",2865825,"rs56314689",2841433,2860482,2850361,2852147,2852196
"56","meqtl_12540","eqtl_18621","chr19",3097181,"rs122631",3094408,3124002,3114456,3113988,3114037
"57","meqtl_13002","eqtl_18621","chr19",3097181,"rs122631",3094408,3124002,3114456,3113842,3113891
"58","meqtl_12749","eqtl_18626","chr19",3369572,"rs11085015",3359561,3469215,3414765,3414788,3414837
"59","meqtl_12970","eqtl_18626","chr19",3369572,"rs11085015",3359561,3469215,3452496,3451953,3452002
"60","meqtl_12700","eqtl_18628","chr19",3801556,"rs11670591",3490819,3500938,3499057,3499073,3499122
"61","meqtl_12581","eqtl_18634","chr19",3218223,"rs72620512",3594504,3606838,3603680,3604422,3604471
"62","meqtl_13039","eqtl_18634","chr19",3218223,"rs72620512",3594504,3606838,3607067,3604592,3604641
"63","meqtl_13099","eqtl_18638","chr19",2941558,"rs62125410",3708107,3750811,3718754,3716308,3716357
"64","meqtl_13179","eqtl_18641","chr19",4325005,"rs185088210",3750878,3761697,3755345,3752404,3752453
"65","meqtl_12770","eqtl_18643","chr19",4465441,"rs138137469",3777971,3802127,3780023,3782806,3782855
"66","meqtl_12853","eqtl_18643","chr19",4465441,"rs138137469",3777971,3802127,3783972,3782364,3782413
"67","meqtl_12899","eqtl_18643","chr19",4465441,"rs138137469",3777971,3802127,3788713,3785873,3785922
"68","meqtl_12445","eqtl_18644","chr19",3109105,"rs117947748",3804022,3869030,3859993,3859136,3859185
"69","meqtl_13027","eqtl_18645","chr19",3819298,"rs11282905",3879862,3928077,3919347,3919427,3919476
"70","meqtl_13165","eqtl_18645","chr19",3819298,"rs11282905",3879862,3928077,3909708,3912437,3912486
"71","meqtl_12713","eqtl_18653","chr19",4268511,"rs11667006",4090319,4124126,4105188,4104419,4104468
"72","meqtl_12789","eqtl_18653","chr19",4268511,"rs11667006",4090319,4124126,4104566,4104603,4104652
"73","meqtl_12982","eqtl_18653","chr19",4268511,"rs11667006",4090319,4124126,4104566,4104677,4104726
"74","meqtl_12991","eqtl_18653","chr19",4268511,"rs11667006",4090319,4124126,4104566,4104445,4104494
"75","meqtl_13073","eqtl_18653","chr19",4268511,"rs11667006",4090319,4124126,4104566,4104671,4104720
"76","meqtl_12637","eqtl_18658","chr19",3603208,"rs78499853",4247076,4269087,4253569,4255577,4255626
"77","meqtl_12788","eqtl_18658","chr19",3603208,"rs78499853",4247076,4269087,4255855,4255554,4255603
"78","meqtl_12524","eqtl_18662","chr19",3613346,"rs2074789",4343524,4360083,4354017,4353502,4353551
"79","meqtl_12517","eqtl_18666","chr19",3550234,"rs8109612",4402659,4444995,4420544,4423180,4423229
"80","meqtl_12756","eqtl_18666","chr19",3550234,"rs8109612",4402659,4444995,4422839,4423531,4423580
"81","meqtl_12556","eqtl_18672","chr19",4870547,"rs116859843",4472284,4502203,4488424,4491065,4491114
"82","meqtl_12865","eqtl_18673","chr19",3744858,"rs180827349",4502224,4517716,4510474,4511742,4511791
"83","meqtl_12562","eqtl_18680","chr19",4616617,"rs184164948",4675236,4724685,4675734,4675653,4675702
"84","meqtl_12518","eqtl_18683","chr19",4328513,"rs79391185",4838423,4867780,4863557,4865183,4865232
"85","meqtl_12862","eqtl_18685","chr19",5249066,"rs10408412",4903092,4962165,4935588,4935614,4935663
"86","meqtl_12710","eqtl_18686","chr19",4636075,"rs370449338",4969125,5153606,5098735,5098855,5098904
"87","meqtl_12933","eqtl_18686","chr19",4636075,"rs370449338",4969125,5153606,5048783,5048819,5048868
"88","meqtl_12964","eqtl_18686","chr19",4636075,"rs370449338",4969125,5153606,4982429,4982251,4982300
"89","meqtl_13083","eqtl_18686","chr19",4636075,"rs370449338",4969125,5153606,5044338,5044659,5044708
"90","meqtl_13117","eqtl_18686","chr19",4636075,"rs370449338",4969125,5153606,4995239,4994247,4994296
"91","meqtl_12496","eqtl_18687","chr19",5293048,"rs116855522",5158506,5340814,5289179,5289977,5290026
"92","meqtl_12602","eqtl_18687","chr19",5293048,"rs116855522",5158506,5340814,5199288,5201569,5201618
"93","meqtl_12723","eqtl_18687","chr19",5293048,"rs116855522",5158506,5340814,5292069,5293101,5293150
"94","meqtl_12898","eqtl_18687","chr19",5293048,"rs116855522",5158506,5340814,5244277,5244083,5244132
"95","meqtl_12987","eqtl_18687","chr19",5293048,"rs116855522",5158506,5340814,5198835,5196976,5197025
"96","meqtl_13149","eqtl_18687","chr19",5293048,"rs116855522",5158506,5340814,5163586,5163483,5163532
"97","meqtl_12726","eqtl_18690","chr19",5455800,"rs2240745",5623046,5668489,5640493,5638946,5638995
"98","meqtl_12772","eqtl_18706","chr19",6455890,"rs4807870",5916150,5978153,5941271,5943284,5943333
"99","meqtl_12523","eqtl_18711","chr19",6936612,"rs2453109",6212966,6279959,6225094,6225208,6225257
"100","meqtl_12620","eqtl_18720","chr19",6458609,"rs78699598",6436090,6465214,6450683,6453301,6453350
"101","meqtl_12462","eqtl_18727","chr19",6722022,"rs339392",6677715,6730573,6698394,6697184,6697233
"102","meqtl_12904","eqtl_18727","chr19",6722022,"rs339392",6677715,6730573,6703434,6705337,6705386
"103","meqtl_12955","eqtl_18727","chr19",6722022,"rs339392",6677715,6730573,6718743,6718439,6718488
"104","meqtl_13105","eqtl_18737","chr19",8072731,"rs143118724",7413848,7448271,7444117,7444218,7444267
"105","meqtl_12537","eqtl_18739","chr19",7097324,"rs74511358",7459999,7537363,7525648,7525252,7525301
"106","meqtl_12944","eqtl_18739","chr19",7097324,"rs74511358",7459999,7537363,7505060,7505614,7505663
"107","meqtl_13025","eqtl_18739","chr19",7097324,"rs74511358",7459999,7537363,7505060,7505141,7505190
"108","meqtl_12566","eqtl_18743","chr19",8107090,"rs78171400",7598896,7626650,7599814,7600202,7600251
"109","meqtl_13006","eqtl_18749","chr19",7702575,"rs8103237",7701877,7712759,7703515,7703355,7703404
"110","meqtl_12779","eqtl_18767","chr19",8099434,"rs12610620",8271620,8327305,8314770,8314048,8314097
"111","meqtl_13182","eqtl_18767","chr19",8099434,"rs12610620",8271620,8327305,8290226,8292083,8292132
"112","meqtl_13182","eqtl_18768","chr19",7795955,"rs8112382",8287037,8304532,8290226,8292083,8292132
"113","meqtl_12743","eqtl_18770","chr19",8094927,"rs146052929",8373490,8386280,8385051,8384043,8384092
"114","meqtl_12875","eqtl_18774","chr19",7769299,"rs17159862",8454865,8469318,8458167,8458601,8458650
"115","meqtl_13138","eqtl_18777","chr19",7757998,"rs140588164",8509651,8553998,8528955,8526744,8526793
"116","meqtl_12795","eqtl_18787","chr19",9759768,"rs111618907",9404951,9420514,9407306,9407723,9407772
"117","meqtl_12482","eqtl_18797","chr19",9842565,"rs10416798",9732179,9756165,9737975,9740603,9740652
"118","meqtl_12646","eqtl_18802","chr19",9508838,"rs370480467",9862669,9903856,9881256,9883659,9883708
"119","meqtl_13118","eqtl_18809","chr19",10871470,"rs4804526",10070237,10121147,10090726,10091567,10091616
"120","meqtl_12561","eqtl_18810","chr19",10676871,".",10196806,10203921,10201854,10203230,10203279
"121","meqtl_12617","eqtl_18810","chr19",10676871,".",10196806,10203921,10200818,10201858,10201907
"122","meqtl_12551","eqtl_18818","chr19",9610993,"rs113132005",10244022,10341962,10258133,10258561,10258610
"123","meqtl_13169","eqtl_18818","chr19",9610993,"rs113132005",10244022,10341962,10289992,10288154,10288203
"124","meqtl_12776","eqtl_18821","chr19",10621729,"rs12327798",10363140,10395784,10373812,10376211,10376260
"125","meqtl_13071","eqtl_18823","chr19",11301147,"rs8111456",10400657,10407454,10403013,10403131,10403180
"126","meqtl_12596","eqtl_18829","chr19",11212941,"rs116530815",10527449,10580305,10571388,10574016,10574065
"127","meqtl_12615","eqtl_18829","chr19",11212941,"rs116530815",10527449,10580305,10539334,10539015,10539064
"128","meqtl_12711","eqtl_18829","chr19",11212941,"rs116530815",10527449,10580305,10529383,10529400,10529449
"129","meqtl_12711","eqtl_18830","chr19",10321308,"rs111854560",10501810,10530797,10529383,10529400,10529449
"130","meqtl_13064","eqtl_18830","chr19",10321308,"rs111854560",10501810,10530797,10514018,10511655,10511704
"131","meqtl_12604","eqtl_18832","chr19",10473138,"rs280520",10596796,10614417,10609820,10611786,10611835
"132","meqtl_13160","eqtl_18832","chr19",10473138,"rs280520",10596796,10614417,10611115,10608328,10608377
"133","meqtl_12864","eqtl_18836","chr19",11606304,"rs74759079",10683347,10697991,10691281,10690162,10690211
"134","meqtl_12588","eqtl_18841","chr19",11237772,"rs2569542",10828755,10944164,10932148,10931915,10931964
"135","meqtl_12870","eqtl_18847","chr19",11065409,"rs11085752",11071598,11176071,11143785,11144688,11144737
"136","meqtl_12631","eqtl_18850","chr19",11231203,"rs72658867",11200038,11244492,11215146,11215240,11215289
"137","meqtl_12769","eqtl_18850","chr19",11231203,"rs72658867",11200038,11244492,11215146,11214996,11215045
"138","meqtl_12766","eqtl_18851","chr19",11227466,"rs7259278",11247988,11266484,11265473,11265605,11265654
"139","meqtl_12666","eqtl_18865","chr19",10627069,"rs10423240",11562141,11591861,11569361,11569215,11569264
"140","meqtl_12975","eqtl_18871","chr19",11336457,"rs4804578",11661962,11670051,11665234,11666298,11666347
"141","meqtl_12550","eqtl_18879","chr19",11855151,"rs142281905",11925099,11946016,11935595,11933868,11933917
"142","meqtl_12745","eqtl_18881","chr19",12369499,"rs2438577",11998599,12025144,12022850,12024050,12024099
"143","meqtl_13063","eqtl_18881","chr19",12369499,"rs2438577",11998599,12025144,12001261,12003608,12003657
"144","meqtl_12945","eqtl_18882","chr19",11559696,"rs1971206",12035883,12061588,12035866,12036540,12036589
"145","meqtl_12810","eqtl_18885","chr19",12095867,"rs111940377",12098432,12157090,12110984,12109901,12109950
"146","meqtl_13007","eqtl_18885","chr19",12095867,"rs111940377",12098432,12157090,12113564,12112216,12112265
"147","meqtl_13023","eqtl_18887","chr19",11902801,"rs117404495",12154620,12167127,12166943,12166869,12166918
"148","meqtl_12871","eqtl_18904","chr19",12549281,"rs4804698",12540521,12551926,12550741,12549727,12549776
"149","meqtl_12455","eqtl_18905","chr19",11706727,"rs181484652",12571998,12624668,12622464,12620093,12620142
"150","meqtl_13074","eqtl_18905","chr19",11706727,"rs181484652",12571998,12624668,12601636,12601651,12601700
"151","meqtl_12983","eqtl_18911","chr19",13106791,"rs189556314",12688775,12750912,12748266,12745775,12745824
"152","meqtl_12977","eqtl_18924","chr19",12876964,"rs897804",12907634,12912694,12911710,12912573,12912622
"153","meqtl_12977","eqtl_18927","chr19",13062427,"rs45495792",12873817,12983554,12911710,12912573,12912622
"154","meqtl_12505","eqtl_18937","chr19",12519646,"rs2112848",13075973,13085567,13074098,13076729,13076778
"155","meqtl_13094","eqtl_18938","chr19",12106883,"rs200650088",13106422,13209610,13206563,13206599,13206648
"156","meqtl_12808","eqtl_18947","chr19",14132662,"rs10414674",13842574,13874110,13850553,13849235,13849284
"157","meqtl_12644","eqtl_18948","chr19",13870153,"rs371671",13875346,13884981,13875821,13878192,13878241
"158","meqtl_13047","eqtl_18950","chr19",14331580,"rs141054793",13906274,13943044,13931706,13933358,13933407
"159","meqtl_13088","eqtl_18950","chr19",14331580,"rs141054793",13906274,13943044,13910039,13910294,13910343
"160","meqtl_13043","eqtl_18952","chr19",13473073,"rs148442898",13972877,13991571,13981618,13979191,13979240
"161","meqtl_12893","eqtl_18954","chr19",14709761,"rs146187802",14017266,14041692,14022636,14025284,14025333
"162","meqtl_12444","eqtl_18968","chr19",14945948,"rs17276460",14491313,14519537,14503096,14501983,14502032
"163","meqtl_12758","eqtl_18970","chr19",13711927,"rs10409900",14543865,14582678,14558847,14558097,14558146
"164","meqtl_12998","eqtl_18975","chr19",14619874,"rs12983483",14644745,14676792,14662836,14661979,14662028
"165","meqtl_12560","eqtl_18982","chr19",13854683,"rs71170554",14729929,14800839,14750353,14750425,14750474
"166","meqtl_12514","eqtl_18986","chr19",16089378,"rs8105122",15225800,15236596,15234498,15236283,15236332
"167","meqtl_12447","eqtl_18990","chr19",15433336,"rs12973964",15347647,15443356,15407629,15404806,15404855
"168","meqtl_12487","eqtl_18990","chr19",15433336,"rs12973964",15347647,15443356,15400439,15398488,15398537
"169","meqtl_12530","eqtl_18990","chr19",15433336,"rs12973964",15347647,15443356,15439008,15439028,15439077
"170","meqtl_12654","eqtl_18996","chr19",16403003,"rs73521785",15532319,15560762,15552233,15553571,15553620
"171","meqtl_12996","eqtl_18998","chr19",15430894,"rs113364824",15579456,15609767,15599877,15601067,15601116
"172","meqtl_12934","eqtl_19000","chr19",15193652,"rs7251658",15751707,15773635,15763508,15762167,15762216
"173","meqtl_12717","eqtl_19012","chr19",17357231,"rs746951268",16466050,16582896,16467742,16467648,16467697
"174","meqtl_12833","eqtl_19015","chr19",16013725,"rs61736868",16628700,16653341,16635395,16633763,16633812
"175","meqtl_12603","eqtl_19030","chr19",17186519,"rs113610362",17160539,17186435,17163811,17164807,17164856
"176","meqtl_12498","eqtl_19031","chr19",16435853,"rs7248864",17186591,17325346,17256720,17254354,17254403
"177","meqtl_12959","eqtl_19031","chr19",16435853,"rs7248864",17186591,17325346,17200112,17197467,17197516
"178","meqtl_12966","eqtl_19031","chr19",16435853,"rs7248864",17186591,17325346,17306694,17306531,17306580
"179","meqtl_13120","eqtl_19031","chr19",16435853,"rs7248864",17186591,17325346,17194549,17197377,17197426
"180","meqtl_12553","eqtl_19037","chr19",18132104,"rs67280744",17359985,17393595,17364268,17365972,17366021
"181","meqtl_12649","eqtl_19037","chr19",18132104,"rs67280744",17359985,17393595,17367519,17365632,17365681
"182","meqtl_12872","eqtl_19037","chr19",18132104,"rs67280744",17359985,17393595,17367176,17366860,17366909
"183","meqtl_13026","eqtl_19037","chr19",18132104,"rs67280744",17359985,17393595,17373676,17375117,17375166
"184","meqtl_13029","eqtl_19042","chr19",17577857,"rs76933411",17434111,17445638,17441294,17441131,17441180
"185","meqtl_12838","eqtl_19051","chr19",17410202,"rs184139190",17546318,17559376,17553929,17552465,17552514
"186","meqtl_12648","eqtl_19056","chr19",17474545,"rs12980763",17634110,17664648,17662922,17663633,17663682
"187","meqtl_12662","eqtl_19058","chr19",17726782,"rs397719844",17712137,17799401,17736470,17738508,17738557
"188","meqtl_12734","eqtl_19058","chr19",17726782,"rs397719844",17712137,17799401,17717125,17716970,17717019
"189","meqtl_12854","eqtl_19058","chr19",17726782,"rs397719844",17712137,17799401,17791970,17793331,17793380
"190","meqtl_12900","eqtl_19058","chr19",17726782,"rs397719844",17712137,17799401,17766619,17766626,17766675
"191","meqtl_13011","eqtl_19058","chr19",17726782,"rs397719844",17712137,17799401,17736470,17738577,17738626
"192","meqtl_13113","eqtl_19059","chr19",17731145,"rs4255897",17830051,17845325,17831114,17831744,17831793
"193","meqtl_12931","eqtl_19062","chr19",18163706,"rs12973543",17935595,17958841,17936096,17938727,17938776
"194","meqtl_12460","eqtl_19067","chr19",18466031,"rs10423008",18062102,18110889,18088840,18089948,18089997
"195","meqtl_12843","eqtl_19069","chr19",17574115,"rs143857896",18133212,18142909,18137856,18137884,18137933
"196","meqtl_13097","eqtl_19070","chr19",19144839,"rs398034181",18208603,18262502,18220037,18220560,18220609
"197","meqtl_12798","eqtl_19071","chr19",18194529,"rs755677553",18169805,18209754,18191668,18190801,18190850
"198","meqtl_12479","eqtl_19079","chr19",17456223,"rs10421557",18417040,18434084,18420657,18418039,18418088
"199","meqtl_12461","eqtl_19082","chr19",18539744,"rs34746918",18501954,18508427,18506596,18503658,18503707
"200","meqtl_12867","eqtl_19085","chr19",18541785,"rs35742476",18553473,18632937,18560990,18559825,18559874
"201","meqtl_12962","eqtl_19085","chr19",18541785,"rs35742476",18553473,18632937,18560303,18561933,18561982
"202","meqtl_12974","eqtl_19085","chr19",18541785,"rs35742476",18553473,18632937,18622276,18622132,18622181
"203","meqtl_13101","eqtl_19085","chr19",18541785,"rs35742476",18553473,18632937,18560489,18560219,18560268
"204","meqtl_13183","eqtl_19096","chr19",19059565,"rs138843749",18794487,18893004,18864219,18863253,18863302
"205","meqtl_12463","eqtl_19104","chr19",19060076,"rs12162256",19144384,19170563,19144027,19146099,19146148
"206","meqtl_12791","eqtl_19107","chr19",19961916,"rs10423574",19229978,19249322,19232370,19232900,19232949
"207","meqtl_12811","eqtl_19107","chr19",19961916,"rs10423574",19229978,19249322,19232370,19232927,19232976
"208","meqtl_12486","eqtl_19108","chr19",18928480,"rs8104653",19256377,19281098,19279874,19277804,19277853
"209","meqtl_12552","eqtl_19113","chr19",18466840,"rs34068189",19386827,19431489,19401188,19403576,19403625
"210","meqtl_12882","eqtl_19115","chr19",19478022,"rs2905426",19496635,19619740,19503032,19500596,19500645
"211","meqtl_12860","eqtl_19136","chr19",20625422,"rs78603855",20011722,20046384,20023183,20023840,20023889
"212","meqtl_12881","eqtl_19139","chr19",19629901,"rs189482229",20188803,20237885,20207577,20210252,20210301
"213","meqtl_12451","eqtl_19146","chr19",20729120,"rs10418492",20451078,20607775,20541746,20540486,20540535
"214","meqtl_12773","eqtl_19151","chr19",21918865,"rs145747687",21106028,21133503,21117887,21116284,21116333
"215","meqtl_12478","eqtl_19159","chr19",21546672,"rs71176861",21473962,21512227,21481443,21480359,21480408
"216","meqtl_12822","eqtl_19160","chr19",21270467,"rs60467794",21541732,21562104,21560463,21561030,21561079
"217","meqtl_12525","eqtl_19165","chr19",21672022,"rs1976385",21688366,21739072,21725021,21725312,21725361
"218","meqtl_12778","eqtl_19191","chr19",23481452,"rs138012903",23945746,24016116,23947676,23948724,23948773
"219","meqtl_12574","eqtl_19235","chr19",33853569,"rs56399002",33877856,34012700,33911282,33909941,33909990
"220","meqtl_12784","eqtl_19235","chr19",33853569,"rs56399002",33877856,34012700,33910134,33910142,33910191
"221","meqtl_13103","eqtl_19235","chr19",33853569,"rs56399002",33877856,34012700,33910522,33909698,33909747
"222","meqtl_12639","eqtl_19240","chr19",34889867,"rs117702838",34839261,34850317,34848495,34848498,34848547
"223","meqtl_12500","eqtl_19347","chr19",37980494,"rs149923766",37498759,37621216,37525292,37528194,37528243
"224","meqtl_12481","eqtl_19353","chr19",37270692,"rs117909459",37803739,37860267,37860252,37859558,37859607
"225","meqtl_12626","eqtl_19353","chr19",37270692,"rs117909459",37803739,37860267,37859918,37859820,37859869
"226","meqtl_13176","eqtl_19353","chr19",37270692,"rs117909459",37803739,37860267,37857317,37857324,37857373
"227","meqtl_12906","eqtl_19365","chr19",37270692,"rs117909459",38158652,38169674,38160855,38159125,38159174
"228","meqtl_12906","eqtl_19366","chr19",38132334,"rs2927743",38121910,38183238,38160855,38159125,38159174
"229","meqtl_13062","eqtl_19371","chr19",38550574,"rs1654346",38397868,38699012,38408934,38409988,38410037
"230","meqtl_13147","eqtl_19371","chr19",38550574,"rs1654346",38397868,38699012,38471097,38473622,38473671
"231","meqtl_12526","eqtl_19389","chr19",39891220,"rs34947393",38924339,39078204,39003321,39003322,39003371
"232","meqtl_12677","eqtl_19389","chr19",39891220,"rs34947393",38924339,39078204,38951947,38953912,38953961
"233","meqtl_12630","eqtl_19410","chr19",39664664,"rs199570847",39432044,39466550,39433446,39436236,39436285
"234","meqtl_12960","eqtl_19410","chr19",39664664,"rs199570847",39432044,39466550,39434378,39436543,39436592
"235","meqtl_13137","eqtl_19410","chr19",39664664,"rs199570847",39432044,39466550,39440252,39437350,39437399
"236","meqtl_12716","eqtl_19411","chr19",40049094,"rs148298161",39481354,39523425,39482457,39481507,39481556
"237","meqtl_12762","eqtl_19412","chr19",39668657,"rs2304090",39616410,39673456,39663686,39664198,39664247
"238","meqtl_12928","eqtl_19412","chr19",39668657,"rs2304090",39616410,39673456,39668867,39668945,39668994
"239","meqtl_12571","eqtl_19436","chr19",41087757,"rs394115",40315990,40324841,40322587,40322314,40322363
"240","meqtl_12502","eqtl_19438","chr19",40635825,"rs78077773",40353963,40440533,40430123,40432841,40432890
"241","meqtl_12760","eqtl_19438","chr19",40635825,"rs78077773",40353963,40440533,40431542,40431317,40431366
"242","meqtl_12874","eqtl_19438","chr19",40635825,"rs78077773",40353963,40440533,40413386,40410966,40411015
"243","meqtl_12957","eqtl_19438","chr19",40635825,"rs78077773",40353963,40440533,40406421,40405231,40405280
"244","meqtl_12554","eqtl_19444","chr19",39716721,"rs138377847",40534167,40562116,40535548,40534426,40534475
"245","meqtl_12905","eqtl_19451","chr19",40450321,"rs370101676",40736224,40791443,40740581,40741288,40741337
"246","meqtl_12474","eqtl_19452","chr19",40853492,"rs7249146",40825443,40854362,40849007,40848295,40848344
"247","meqtl_12583","eqtl_19452","chr19",40853492,"rs7249146",40825443,40854362,40849007,40849373,40849422
"248","meqtl_12597","eqtl_19452","chr19",40853492,"rs7249146",40825443,40854362,40849007,40849447,40849496
"249","meqtl_12884","eqtl_19452","chr19",40853492,"rs7249146",40825443,40854362,40849007,40849517,40849566
"250","meqtl_13024","eqtl_19452","chr19",40853492,"rs7249146",40825443,40854362,40849007,40848196,40848245
"251","meqtl_13166","eqtl_19459","chr19",40714351,"rs62107562",40972148,41082370,40994290,40996889,40996938
"252","meqtl_12880","eqtl_19461","chr19",41105860,"rs60807487",41098789,41135725,41111910,41114570,41114619
"253","meqtl_13044","eqtl_19463","chr19",40926680,"rs7251635",41197434,41222801,41216122,41215898,41215947
"254","meqtl_12446","eqtl_19474","chr19",41699886,"rs8192793",41698954,41713444,41709486,41712012,41712061
"255","meqtl_12733","eqtl_19475","chr19",40775027,"rs116925422",41725108,41767671,41760996,41759182,41759231
"256","meqtl_13066","eqtl_19502","chr19",42588999,"rs11878917",42502473,42573650,42559744,42557488,42557537
"257","meqtl_12573","eqtl_19505","chr19",43356591,"rs144676501",42590263,42700737,42650225,42651789,42651838
"258","meqtl_12546","eqtl_19515","chr19",42927065,"rs34296277",42829761,42882921,42874473,42875093,42875142
"259","meqtl_12584","eqtl_19515","chr19",42927065,"rs34296277",42829761,42882921,42872520,42874970,42875019
"260","meqtl_12709","eqtl_19524","chr19",44016602,"rs2355995",43979255,44009087,43992874,43991421,43991470
"261","meqtl_12885","eqtl_19526","chr19",44021519,"rs74208120",44010871,44031396,44013531,44014311,44014360
"262","meqtl_13086","eqtl_19527","chr19",44019205,"rs73552579",44081344,44086256,44083706,44085187,44085236
"263","meqtl_12515","eqtl_19528","chr19",43853799,"rs12462403",44047192,44084625,44049544,44052153,44052202
"264","meqtl_12750","eqtl_19552","chr19",45163451,"rs737100",44616393,44637027,44615969,44617500,44617549
"265","meqtl_12909","eqtl_19552","chr19",45163451,"rs737100",44616393,44637027,44629095,44628460,44628509
"266","meqtl_12935","eqtl_19552","chr19",45163451,"rs737100",44616393,44637027,44616894,44618702,44618751
"267","meqtl_12609","eqtl_19553","chr19",43632017,"rs12462607",44609616,44617298,44612536,44613375,44613424
"268","meqtl_12919","eqtl_19554","chr19",43901288,"rs117615238",44645710,44663156,44660960,44659116,44659165
"269","meqtl_12471","eqtl_19555","chr19",45303578,"rs748913",44669226,44682534,44675974,44677856,44677905
"270","meqtl_13126","eqtl_19569","chr19",46105198,"rs10411518",45135500,45222031,45167339,45169025,45169074
"271","meqtl_12676","eqtl_19580","chr19",45813830,"rs2377326",45542298,45574214,45559644,45559649,45559698
"272","meqtl_12827","eqtl_19584","chr19",45235892,"rs10405071",45595050,45650543,45641512,45642293,45642342
"273","meqtl_12841","eqtl_19584","chr19",45235892,"rs10405071",45595050,45650543,45642649,45643535,45643584
"274","meqtl_12972","eqtl_19584","chr19",45235892,"rs10405071",45595050,45650543,45625327,45624016,45624065
"275","meqtl_13131","eqtl_19584","chr19",45235892,"rs10405071",45595050,45650543,45610926,45611085,45611134
"276","meqtl_13053","eqtl_19588","chr19",46381814,"rs10416943",45754516,45808541,45772168,45774462,45774511
"277","meqtl_13139","eqtl_19589","chr19",45343660,"rs2927463",45809672,45826235,45812411,45812746,45812795
"278","meqtl_13141","eqtl_19589","chr19",45343660,"rs2927463",45809672,45826235,45822999,45821881,45821930
"279","meqtl_12506","eqtl_19595","chr19",46896871,"rs73045113",45910591,45982086,45944396,45947284,45947333
"280","meqtl_12564","eqtl_19595","chr19",46896871,"rs73045113",45910591,45982086,45964078,45963096,45963145
"281","meqtl_12663","eqtl_19595","chr19",46896871,"rs73045113",45910591,45982086,45948050,45947144,45947193
"282","meqtl_12989","eqtl_19595","chr19",46896871,"rs73045113",45910591,45982086,45949263,45947730,45947779
"283","meqtl_12670","eqtl_19596","chr19",45995181,"rs35025952",45992035,46005768,45996796,45996738,45996787
"284","meqtl_12670","eqtl_19597","chr19",45153625,"rs147407890",45988547,46000319,45996796,45996738,45996787
"285","meqtl_13109","eqtl_19600","chr19",46026363,"rs78549131",46030685,46105470,46080789,46080072,46080121
"286","meqtl_12459","eqtl_19606","chr19",46202822,"rs7256197",46213887,46234162,46223755,46223756,46223805
"287","meqtl_12863","eqtl_19614","chr19",46314979,"rs112263997",46318668,46366548,46323899,46325886,46325935
"288","meqtl_13033","eqtl_19614","chr19",46314979,"rs112263997",46318668,46366548,46332107,46332516,46332565
"289","meqtl_12999","eqtl_19622","chr19",46764412,"rs12975134",46800303,46846690,46823282,46825968,46826017
"290","meqtl_13174","eqtl_19635","chr19",46582126,"rs377567491",47150869,47164395,47153294,47155322,47155371
"291","meqtl_13091","eqtl_19644","chr19",46941471,"rs12983859",47616531,47713886,47619361,47620907,47620956
"292","meqtl_12800","eqtl_19664","chr19",48659738,"rs274861",48551100,48614074,48560955,48558327,48558376
"293","meqtl_12986","eqtl_19674","chr19",49741319,"rs2682615",48835613,48867494,48838770,48838782,48838831
"294","meqtl_12897","eqtl_19677","chr19",48897512,"rs276716",48898132,48948188,48912576,48915276,48915325
"295","meqtl_12641","eqtl_19680","chr19",48994898,"rs79272013",48972951,48983103,48976512,48973505,48973554
"296","meqtl_13162","eqtl_19680","chr19",48994898,"rs79272013",48972951,48983103,48975056,48977780,48977829
"297","meqtl_12690","eqtl_19681","chr19",49125283,"rs10423867",48988528,49016446,48992416,48994662,48994711
"298","meqtl_12837","eqtl_19681","chr19",49125283,"rs10423867",48988528,49016446,49018018,49016307,49016356
"299","meqtl_12829","eqtl_19682","chr19",49097887,"rs10417472",49055332,49102682,49099264,49097838,49097887
"300","meqtl_13013","eqtl_19682","chr19",49097887,"rs10417472",49055332,49102682,49097141,49100072,49100121
"301","meqtl_12703","eqtl_19687","chr19",49131764,"rs398071199",49127390,49133286,49129316,49131055,49131104
"302","meqtl_12492","eqtl_19697","chr19",49586561,"rs11667072",49316274,49339935,49338412,49336689,49336738
"303","meqtl_13048","eqtl_19701","chr19",49634528,"rs545196559",49403307,49426629,49407861,49408302,49408351
"304","meqtl_12886","eqtl_19722","chr19",49464971,"rs704243",49932658,49945617,49942996,49943020,49943069
"305","meqtl_13005","eqtl_19723","chr19",49955615,"rs112239024",49956426,49974305,49973802,49971610,49971659
"306","meqtl_12612","eqtl_19733","chr19",50325107,"rs575724502",50083903,50094272,50086809,50086316,50086365
"307","meqtl_12612","eqtl_19734","chr19",49770755,"rs353994",50058968,50093519,50086809,50086316,50086365
"308","meqtl_12705","eqtl_19736","chr19",49279227,"rs62132810",50138549,50143458,50142768,50141141,50141190
"309","meqtl_12785","eqtl_19736","chr19",49279227,"rs62132810",50138549,50143458,50142768,50141137,50141186
"310","meqtl_13001","eqtl_19737","chr19",50138143,"rs34647824",50145382,50161899,50153182,50150450,50150499
"311","meqtl_12850","eqtl_19745","chr19",50132754,"rs57958955",50270225,50310125,50287117,50286846,50286895
"312","meqtl_13154","eqtl_19758","chr19",49555628,"rs190045054",50410082,50432957,50415073,50412611,50412660
"313","meqtl_12682","eqtl_19765","chr19",50986649,"rs1880919",50691443,50813802,50797436,50797337,50797386
"314","meqtl_12706","eqtl_19765","chr19",50986649,"rs1880919",50691443,50813802,50692244,50691829,50691878
"315","meqtl_13167","eqtl_19765","chr19",50986649,"rs1880919",50691443,50813802,50784995,50787317,50787366
"316","meqtl_12930","eqtl_19771","chr19",51027468,"rs57224168",50887461,50921271,50909914,50908381,50908430
"317","meqtl_13092","eqtl_19772","chr19",50164390,"rs10415576",50922195,50934570,50930700,50928269,50928318
"318","meqtl_12807","eqtl_19773","chr19",49953370,"rs147435497",50936160,50969578,50969128,50966293,50966342
"319","meqtl_12565","eqtl_19779","chr19",50967250,"rs2463245",51020149,51071302,51025627,51024855,51024904
"320","meqtl_12456","eqtl_19799","chr19",51858800,"rs139724399",51815102,51833608,51828686,51830124,51830173
"321","meqtl_12611","eqtl_19818","chr19",51680374,"rs138894449",52298416,52329442,52306740,52308940,52308989
"322","meqtl_12936","eqtl_19818","chr19",51680374,"rs138894449",52298416,52329442,52311727,52309073,52309122
"323","meqtl_12910","eqtl_19824","chr19",53175181,"rs78002007",52452387,52484620,52469489,52469347,52469396
"324","meqtl_13155","eqtl_19824","chr19",53175181,"rs78002007",52452387,52484620,52467852,52468225,52468274
"325","meqtl_12910","eqtl_19825","chr19",52011292,"rs9676266",52467596,52490109,52469489,52469347,52469396
"326","meqtl_13155","eqtl_19825","chr19",52011292,"rs9676266",52467596,52490109,52467852,52468225,52468274
"327","meqtl_13146","eqtl_19828","chr19",51919231,"rs112584540",52534632,52552760,52542201,52544441,52544490
"328","meqtl_12582","eqtl_19843","chr19",53135758,"rs378066",52956829,53015407,52973555,52973556,52973605
"329","meqtl_13010","eqtl_19843","chr19",53135758,"rs378066",52956829,53015407,52999464,52998394,52998443
"330","meqtl_12450","eqtl_19844","chr19",53025220,"rs36089907",53030905,53067717,53055582,53054049,53054098
"331","meqtl_12494","eqtl_19849","chr19",53115233,"rs11668015",53097313,53193749,53189753,53189640,53189689
"332","meqtl_13100","eqtl_19849","chr19",53115233,"rs11668015",53097313,53193749,53186662,53183753,53183802
"333","meqtl_12932","eqtl_19860","chr19",53523934,"rs1650923",53471504,53541151,53524638,53524874,53524923
"334","meqtl_12464","eqtl_19864","chr19",53684018,"rs17272882",53627325,53662313,53661748,53659949,53659998
"335","meqtl_12856","eqtl_19870","chr19",53775850,"rs56367861",53731577,53758151,53744592,53746839,53746888
"336","meqtl_12985","eqtl_19872","chr19",53868959,"rs7249464",53868946,53895470,53890819,53890841,53890890
"337","meqtl_12894","eqtl_19880","chr19",54042452,"rs3746305",54024235,54083523,54033957,54032386,54032435
"338","meqtl_13134","eqtl_19880","chr19",54042452,"rs3746305",54024235,54083523,54032670,54032405,54032454
"339","meqtl_12538","eqtl_19882","chr19",54641388,"rs40168",54369477,54379691,54377194,54377928,54377977
"340","meqtl_13078","eqtl_19882","chr19",54641388,"rs40168",54369477,54379691,54379090,54377658,54377707
"341","meqtl_12820","eqtl_19883","chr19",54283810,"rs202071843",54382444,54410906,54390549,54391693,54391742
"342","meqtl_12901","eqtl_19883","chr19",54283810,"rs202071843",54382444,54410906,54393586,54391691,54391740
"343","meqtl_12948","eqtl_19888","chr19",54619191,"rs4806711",54619056,54635140,54627204,54627705,54627754
"344","meqtl_12948","eqtl_19889","chr19",54623549,"rs12985735",54622891,54628722,54627204,54627705,54627754
"345","meqtl_12995","eqtl_19891","chr19",54260197,"rs117835905",54658899,54663620,54656519,54658948,54658997
"346","meqtl_13177","eqtl_19892","chr19",54676872,"rs776138589",54663846,54676944,54666198,54665933,54665982
"347","meqtl_12659","eqtl_19893","chr19",54709772,"rs71365433",54677107,54693733,54686288,54686297,54686346
"348","meqtl_12484","eqtl_19896","chr19",54704720,"rs10048513",54704610,54752862,54708783,54707323,54707372
"349","meqtl_12557","eqtl_19896","chr19",54704720,"rs10048513",54704610,54752862,54722371,54722273,54722322
"350","meqtl_12622","eqtl_19896","chr19",54704720,"rs10048513",54704610,54752862,54704385,54706799,54706848
"351","meqtl_12557","eqtl_19897","chr19",54731988,"rs118124358",54720147,54727378,54722371,54722273,54722322
"352","meqtl_12628","eqtl_19923","chr19",54678923,"rs113454931",55219700,55224955,55220045,55220924,55220973
"353","meqtl_12761","eqtl_19923","chr19",54678923,"rs113454931",55219700,55224955,55218855,55220800,55220849
"354","meqtl_12792","eqtl_19923","chr19",54678923,"rs113454931",55219700,55224955,55220096,55220798,55220847
"355","meqtl_13112","eqtl_19925","chr19",55474210,"rs4422092",55464498,55512510,55483293,55481785,55481834
"356","meqtl_12949","eqtl_19929","chr19",55548037,"rs8110718",55550476,55582659,55578899,55578939,55578988
"357","meqtl_12501","eqtl_19930","chr19",55594996,"rs1628576",55583388,55599290,55598980,55596731,55596780
"358","meqtl_12927","eqtl_19930","chr19",55594996,"rs1628576",55583388,55599290,55598341,55598719,55598768
"359","meqtl_12679","eqtl_19931","chr19",55588651,"rs1654469",55602281,55628927,55624236,55626829,55626878
"360","meqtl_12802","eqtl_19931","chr19",55588651,"rs1654469",55602281,55628927,55602853,55604297,55604346
"361","meqtl_12452","eqtl_19940","chr19",55629218,"rs117038522",55793440,55823901,55822411,55820388,55820437
"362","meqtl_12754","eqtl_19951","chr19",56358567,"rs7249822",55987850,55995854,55995916,55994315,55994364
"363","meqtl_13123","eqtl_19953","chr19",56577662,"rs580405",55999771,56030465,56012619,56015113,56015162
"364","meqtl_12499","eqtl_19960","chr19",56150471,"rs612211",56146382,56154835,56150247,56149647,56149696
"365","meqtl_12568","eqtl_19960","chr19",56150471,"rs612211",56146382,56154835,56150247,56149201,56149250
"366","meqtl_13158","eqtl_19960","chr19",56150471,"rs612211",56146382,56154835,56150247,56149292,56149341
"367","meqtl_12876","eqtl_19963","chr19",56348063,"rs302470",56165512,56186014,56178879,56179092,56179141
"368","meqtl_12689","eqtl_19966","chr19",57163411,"rs1964273",56186592,56221224,56211048,56211905,56211954
"369","meqtl_12857","eqtl_19966","chr19",57163411,"rs1964273",56186592,56221224,56197537,56196635,56196684
"370","meqtl_12695","eqtl_19971","chr19",56194443,"rs8109983",56219798,56249768,56222911,56224392,56224441
"371","meqtl_12943","eqtl_19971","chr19",56194443,"rs8109983",56219798,56249768,56222911,56223109,56223158
"372","meqtl_12653","eqtl_19974","chr19",55637610,"rs75790451",56598732,56632649,56611761,56609559,56609608
"373","meqtl_12685","eqtl_19974","chr19",55637610,"rs75790451",56598732,56632649,56612052,56613624,56613673
"374","meqtl_12728","eqtl_19979","chr19",56239123,"rs76412461",56732681,56826071,56767905,56768503,56768552
"375","meqtl_12971","eqtl_19979","chr19",56239123,"rs76412461",56732681,56826071,56750673,56748376,56748425
"376","meqtl_12635","eqtl_19983","chr19",56001417,".",56905025,56910541,56905880,56908834,56908883
"377","meqtl_12674","eqtl_19983","chr19",56001417,".",56905025,56910541,56910711,56910265,56910314
"378","meqtl_12913","eqtl_19984","chr19",57587309,"rs3895834",56915383,56947404,56921185,56919121,56919170
"379","meqtl_13075","eqtl_19986","chr19",56777293,"rs12978423",56988619,57012035,56990570,56989331,56989380
"380","meqtl_12699","eqtl_19996","chr19",58108774,"rs149627835",57321445,57345131,57331514,57334327,57334376
"381","meqtl_12531","eqtl_20005","chr19",57836423,"rs57215402",57831877,57842144,57833437,57833590,57833639
"382","meqtl_12661","eqtl_20005","chr19",57836423,"rs57215402",57831877,57842144,57834787,57833605,57833654
"383","meqtl_12847","eqtl_20005","chr19",57836423,"rs57215402",57831877,57842144,57832005,57833918,57833967
"384","meqtl_12903","eqtl_20005","chr19",57836423,"rs57215402",57831877,57842144,57831744,57834116,57834165
"385","meqtl_12739","eqtl_20008","chr19",58573083,"rs1469086",57874845,57890933,57886195,57885936,57885985
"386","meqtl_12688","eqtl_20011","chr19",57449293,"rs2870479",57922531,57933307,57930226,57930310,57930359
"387","meqtl_13168","eqtl_20011","chr19",57449293,"rs2870479",57922531,57933307,57930226,57930304,57930353
"388","meqtl_12940","eqtl_20014","chr19",57995784,"rs10425274",57978031,57988938,57982262,57981336,57981385
"389","meqtl_12973","eqtl_20014","chr19",57995784,"rs10425274",57978031,57988938,57985134,57984824,57984873
"390","meqtl_12911","eqtl_20017","chr19",57182897,"rs62130952",58038693,58068910,58050324,58051545,58051594
"391","meqtl_12911","eqtl_20018","chr19",58064327,"rs73060407",58046639,58071231,58050324,58051545,58051594
"392","meqtl_12480","eqtl_20037","chr19",58181348,"rs2360529",58360099,58400442,58389180,58389346,58389395
"393","meqtl_12542","eqtl_20044","chr19",58596449,"rs2258557",58570607,58597677,58589096,58590454,58590503
"394","meqtl_12774","eqtl_20046","chr19",58624996,"rs12980623",58637619,58666477,58663646,58662847,58662896
"395","meqtl_12738","eqtl_20047","chr19",58401658,"rs373155830",58694396,58724928,58713855,58716556,58716605
"396","meqtl_12861","eqtl_20047","chr19",58401658,"rs373155830",58694396,58724928,58716116,58716135,58716184
"397","meqtl_12965","eqtl_20047","chr19",58401658,"rs373155830",58694396,58724928,58714555,58712989,58713038
"398","meqtl_13082","eqtl_20077","chr19",58372393,"rs150136237",59070496,59086164,59078903,59077832,59077881
"399","meqtl_13082","eqtl_20078","chr19",58514095,"rs141913767",59073299,59083944,59078903,59077832,59077881
"400","meqtl_12468","eqtl_20079","chr19",59078610,"rs142545256",59086812,59111168,59107797,59107798,59107847
